time_date,sampleID,replicate,treatment,genus,species,site,PAMID,F,Fm,Y,colonyID,collection.depth,bleaching.score,tank,rack,rack.position,size,Region,Sector,Shelf
18/01/2019,1631,1,Ambient,Pocillopora,damicornis,13-123,1309,219,693,0.684,13-123_27,7.1,5,5,23,1,Large,Northern GBR,Princess Charlotte,Mid
18/01/2019,1631,2,Ambient,Pocillopora,damicornis,13-123,1310,168,539,0.688,13-123_27,7.1,5,5,23,1,Large,Northern GBR,Princess Charlotte,Mid
18/01/2019,1633,1,Ambient,Pocillopora,damicornis,13-123,1313,213,632,0.663,13-123_26,8.3,5,5,23,3,Large,Northern GBR,Princess Charlotte,Mid
18/01/2019,1633,2,Ambient,Pocillopora,damicornis,13-123,1314,241,592,0.593,13-123_26,8.3,5,5,23,3,Large,Northern GBR,Princess Charlotte,Mid
18/01/2019,1635,1,Ambient,Pocillopora,damicornis,13-123,1317,204,635,0.679,13-123_28,6.1,5,5,23,5,Large,Northern GBR,Princess Charlotte,Mid
18/01/2019,1635,2,Ambient,Pocillopora,damicornis,13-123,1318,102,343,0.703,13-123_28,6.1,5,5,23,5,Large,Northern GBR,Princess Charlotte,Mid
18/01/2019,1637,1,Ambient,Pocillopora,damicornis,13-123,1321,84,253,0.668,13-123_11,5.3,5,5,23,7,Large,Northern GBR,Princess Charlotte,Mid
18/01/2019,1637,2,Ambient,Pocillopora,damicornis,13-123,1322,148,445,0.667,13-123_11,5.3,5,5,23,7,Large,Northern GBR,Princess Charlotte,Mid
18/01/2019,1639,1,Ambient,Pocillopora,damicornis,13-123,1325,143,438,0.674,13-123_7,4.3,5,5,23,9,Large,Northern GBR,Princess Charlotte,Mid
18/01/2019,1639,2,Ambient,Pocillopora,damicornis,13-123,1326,145,431,0.664,13-123_7,4.3,5,5,23,9,Large,Northern GBR,Princess Charlotte,Mid
18/01/2019,1559,1,Ambient,Pocillopora,damicornis,13-123,1329,222,770,0.712,13-123_25,7.5,5,5,2,1,Large,Northern GBR,Princess Charlotte,Mid
18/01/2019,1559,2,Ambient,Pocillopora,damicornis,13-123,1330,208,593,0.649,13-123_25,7.5,5,5,2,1,Large,Northern GBR,Princess Charlotte,Mid
18/01/2019,1561,1,Ambient,Pocillopora,damicornis,13-123,1333,112,387,0.711,13-123_6,4.7,5,5,2,3,Large,Northern GBR,Princess Charlotte,Mid
18/01/2019,1561,2,Ambient,Pocillopora,damicornis,13-123,1334,149,486,0.693,13-123_6,4.7,5,5,2,3,Large,Northern GBR,Princess Charlotte,Mid
18/01/2019,1563,1,Ambient,Pocillopora,damicornis,13-123,1337,160,498,0.679,13-123_9,6.2,5,5,2,5,Large,Northern GBR,Princess Charlotte,Mid
18/01/2019,1563,2,Ambient,Pocillopora,damicornis,13-123,1338,163,476,0.658,13-123_9,6.2,5,5,2,5,Large,Northern GBR,Princess Charlotte,Mid
18/01/2019,1565,1,Ambient,Pocillopora,damicornis,13-123,1341,187,592,0.684,13-123_21,5.6,5,5,2,7,Large,Northern GBR,Princess Charlotte,Mid
18/01/2019,1565,2,Ambient,Pocillopora,damicornis,13-123,1342,188,633,0.703,13-123_21,5.6,5,5,2,7,Large,Northern GBR,Princess Charlotte,Mid
18/01/2019,1575,1,Ambient,Pocillopora,damicornis,13-123,1348,165,525,0.686,13-123_27,7.1,5,6,5,1,Large,Northern GBR,Princess Charlotte,Mid
18/01/2019,1575,2,Ambient,Pocillopora,damicornis,13-123,1349,136,439,0.69,13-123_27,7.1,5,6,5,1,Large,Northern GBR,Princess Charlotte,Mid
18/01/2019,1577,1,Ambient,Pocillopora,damicornis,13-123,1352,150,453,0.669,13-123_26,8.3,5,6,5,3,Large,Northern GBR,Princess Charlotte,Mid
18/01/2019,1577,2,Ambient,Pocillopora,damicornis,13-123,1353,154,445,0.654,13-123_26,8.3,5,6,5,3,Large,Northern GBR,Princess Charlotte,Mid
18/01/2019,1579,1,Ambient,Pocillopora,damicornis,13-123,1358,143,492,0.709,13-123_28,6.1,5,6,5,5,Large,Northern GBR,Princess Charlotte,Mid
18/01/2019,1579,2,Ambient,Pocillopora,damicornis,13-123,1359,234,754,0.69,13-123_28,6.1,5,6,5,5,Large,Northern GBR,Princess Charlotte,Mid
18/01/2019,1581,1,Ambient,Pocillopora,damicornis,13-123,1362,207,583,0.645,13-123_11,5.3,5,6,5,7,Large,Northern GBR,Princess Charlotte,Mid
18/01/2019,1581,2,Ambient,Pocillopora,damicornis,13-123,1363,122,253,0.518,13-123_11,5.3,5,6,5,7,Large,Northern GBR,Princess Charlotte,Mid
18/01/2019,1583,1,Ambient,Pocillopora,damicornis,13-123,1366,233,789,0.705,13-123_7,4.3,5,6,5,9,Large,Northern GBR,Princess Charlotte,Mid
18/01/2019,1583,2,Ambient,Pocillopora,damicornis,13-123,1367,56,197,0.716,13-123_7,4.3,5,6,5,9,Large,Northern GBR,Princess Charlotte,Mid
18/01/2019,1623,1,Ambient,Pocillopora,damicornis,13-123,1372,187,589,0.683,13-123_25,7.5,5,6,21,1,Large,Northern GBR,Princess Charlotte,Mid
18/01/2019,1623,2,Ambient,Pocillopora,damicornis,13-123,1373,177,598,0.704,13-123_25,7.5,5,6,21,1,Large,Northern GBR,Princess Charlotte,Mid
18/01/2019,1625,1,Ambient,Pocillopora,damicornis,13-123,1376,155,486,0.681,13-123_6,4.7,5,6,21,3,Large,Northern GBR,Princess Charlotte,Mid
18/01/2019,1625,2,Ambient,Pocillopora,damicornis,13-123,1377,168,564,0.702,13-123_6,4.7,5,6,21,3,Large,Northern GBR,Princess Charlotte,Mid
18/01/2019,1627,1,Ambient,Pocillopora,damicornis,13-123,1380,191,572,0.666,13-123_9,6.2,5,6,21,5,Large,Northern GBR,Princess Charlotte,Mid
18/01/2019,1627,2,Ambient,Pocillopora,damicornis,13-123,1381,218,676,0.678,13-123_9,6.2,5,6,21,5,Large,Northern GBR,Princess Charlotte,Mid
18/01/2019,1629,1,Ambient,Pocillopora,damicornis,13-123,1384,224,779,0.712,13-123_21,5.6,5,6,21,7,Large,Northern GBR,Princess Charlotte,Mid
18/01/2019,1629,2,Ambient,Pocillopora,damicornis,13-123,1385,162,548,0.704,13-123_21,5.6,5,6,21,7,Large,Northern GBR,Princess Charlotte,Mid
18/01/2019,1595,1,Ambient,Pocillopora,damicornis,13-123,1391,31,349,0.911,13-123_25,7.5,5,7,10,1,Large,Northern GBR,Princess Charlotte,Mid
18/01/2019,1595,2,Ambient,Pocillopora,damicornis,13-123,1392,90,283,0.682,13-123_25,7.5,5,7,10,1,Large,Northern GBR,Princess Charlotte,Mid
18/01/2019,1597,1,Ambient,Pocillopora,damicornis,13-123,1395,148,498,0.703,13-123_6,4.7,5,7,10,3,Large,Northern GBR,Princess Charlotte,Mid
18/01/2019,1597,2,Ambient,Pocillopora,damicornis,13-123,1396,161,545,0.705,13-123_6,4.7,5,7,10,3,Large,Northern GBR,Princess Charlotte,Mid
18/01/2019,1599,1,Ambient,Pocillopora,damicornis,13-123,1399,110,322,0.658,13-123_9,6.2,5,7,10,5,Large,Northern GBR,Princess Charlotte,Mid
18/01/2019,1599,2,Ambient,Pocillopora,damicornis,13-123,1400,126,360,0.65,13-123_9,6.2,5,7,10,5,Large,Northern GBR,Princess Charlotte,Mid
18/01/2019,1601,1,Ambient,Pocillopora,damicornis,13-123,1403,185,588,0.685,13-123_21,5.6,5,7,10,7,Large,Northern GBR,Princess Charlotte,Mid
18/01/2019,1601,2,Ambient,Pocillopora,damicornis,13-123,1404,196,696,0.718,13-123_21,5.6,5,7,10,7,Large,Northern GBR,Princess Charlotte,Mid
18/01/2019,1613,1,Ambient,Pocillopora,damicornis,13-123,1410,207,672,0.692,13-123_27,7.1,5,7,19,1,Large,Northern GBR,Princess Charlotte,Mid
18/01/2019,1613,2,Ambient,Pocillopora,damicornis,13-123,1411,175,573,0.695,13-123_27,7.1,5,7,19,1,Large,Northern GBR,Princess Charlotte,Mid
18/01/2019,1615,1,Ambient,Pocillopora,damicornis,13-123,1414,212,612,0.654,13-123_26,8.3,5,7,19,3,Large,Northern GBR,Princess Charlotte,Mid
18/01/2019,1615,2,Ambient,Pocillopora,damicornis,13-123,1415,167,512,0.674,13-123_26,8.3,5,7,19,3,Large,Northern GBR,Princess Charlotte,Mid
18/01/2019,1617,1,Ambient,Pocillopora,damicornis,13-123,1418,305,969,0.685,13-123_28,6.1,5,7,19,5,Large,Northern GBR,Princess Charlotte,Mid
18/01/2019,1617,2,Ambient,Pocillopora,damicornis,13-123,1419,293,958,0.694,13-123_28,6.1,5,7,19,5,Large,Northern GBR,Princess Charlotte,Mid
18/01/2019,1619,1,Ambient,Pocillopora,damicornis,13-123,1421,193,740,0.739,13-123_11,5.3,5,7,19,7,Large,Northern GBR,Princess Charlotte,Mid
18/01/2019,1619,2,Ambient,Pocillopora,damicornis,13-123,1422,192,647,0.703,13-123_11,5.3,5,7,19,7,Large,Northern GBR,Princess Charlotte,Mid
18/01/2019,1621,1,Ambient,Pocillopora,damicornis,13-123,1425,97,290,0.666,13-123_7,4.3,5,7,19,9,Large,Northern GBR,Princess Charlotte,Mid
18/01/2019,1621,2,Ambient,Pocillopora,damicornis,13-123,1426,94,246,0.618,13-123_7,4.3,5,7,19,9,Large,Northern GBR,Princess Charlotte,Mid
16/01/2019,1345,1,Ambient,Acropora,tenuis,13-123,2585,255,779,0.673,13-123_3,4,4,5,21,7,Large,Northern GBR,Princess Charlotte,Mid
16/01/2019,1345,2,Ambient,Acropora,tenuis,13-123,2586,288,909,0.683,13-123_3,4,4,5,21,7,Large,Northern GBR,Princess Charlotte,Mid
16/01/2019,1347,1,Ambient,Acropora,tenuis,13-123,2589,302,859,0.648,13-123_4,5.6,4,5,21,9,Large,Northern GBR,Princess Charlotte,Mid
16/01/2019,1347,2,Ambient,Acropora,tenuis,13-123,2590,255,703,0.637,13-123_4,5.6,4,5,21,9,Large,Northern GBR,Princess Charlotte,Mid
16/01/2019,1287,1,Ambient,Acropora,tenuis,13-123,2626,173,509,0.66,13-123_3,4,4,6,2,7,Large,Northern GBR,Princess Charlotte,Mid
16/01/2019,1287,2,Ambient,Acropora,tenuis,13-123,2627,273,841,0.675,13-123_3,4,4,6,2,7,Large,Northern GBR,Princess Charlotte,Mid
16/01/2019,1289,1,Ambient,Acropora,tenuis,13-123,2630,244,738,0.669,13-123_4,5.6,4,6,2,9,Large,Northern GBR,Princess Charlotte,Mid
16/01/2019,1289,2,Ambient,Acropora,tenuis,13-123,2631,198,576,0.656,13-123_4,5.6,4,6,2,9,Large,Northern GBR,Princess Charlotte,Mid
16/01/2019,1365,1,Ambient,Acropora,tenuis,13-123,2668,225,575,0.609,13-123_3,4,4,7,26,7,Large,Northern GBR,Princess Charlotte,Mid
16/01/2019,1365,2,Ambient,Acropora,tenuis,13-123,2669,338,1001,0.662,13-123_3,4,4,7,26,7,Large,Northern GBR,Princess Charlotte,Mid
16/01/2019,1367,1,Ambient,Acropora,tenuis,13-123,2672,248,804,0.692,13-123_4,5.6,4,7,26,9,Large,Northern GBR,Princess Charlotte,Mid
16/01/2019,1367,2,Ambient,Acropora,tenuis,13-123,2673,305,860,0.645,13-123_4,5.6,4,7,26,9,Large,Northern GBR,Princess Charlotte,Mid
16/01/2019,1323,1,Ambient,Acropora,tenuis,13-123,2531,376,1080,0.652,13-123_5,4,5,5,16,1,Large,Northern GBR,Princess Charlotte,Mid
16/01/2019,1323,2,Ambient,Acropora,tenuis,13-123,2532,302,928,0.675,13-123_5,4,5,5,16,1,Large,Northern GBR,Princess Charlotte,Mid
16/01/2019,1325,1,Ambient,Acropora,tenuis,13-123,2535,270,758,0.644,13-123_22,6.2,5,5,16,3,Large,Northern GBR,Princess Charlotte,Mid
16/01/2019,1325,2,Ambient,Acropora,tenuis,13-123,2536,315,971,0.676,13-123_22,6.2,5,5,16,3,Large,Northern GBR,Princess Charlotte,Mid
16/01/2019,1327,1,Ambient,Acropora,tenuis,13-123,2539,280,819,0.658,13-123_23,6.4,5,5,16,5,Large,Northern GBR,Princess Charlotte,Mid
16/01/2019,1327,2,Ambient,Acropora,tenuis,13-123,2540,367,991,0.63,13-123_23,6.4,5,5,16,5,Large,Northern GBR,Princess Charlotte,Mid
16/01/2019,1329,1,Ambient,Acropora,tenuis,13-123,2543,299,897,0.667,13-123_24,7.4,5,5,16,7,Large,Northern GBR,Princess Charlotte,Mid
16/01/2019,1329,2,Ambient,Acropora,tenuis,13-123,2544,279,857,0.674,13-123_24,7.4,5,5,16,7,Large,Northern GBR,Princess Charlotte,Mid
16/01/2019,1339,1,Ambient,Acropora,tenuis,13-123,2573,186,636,0.708,13-123_29,5.7,5,5,21,1,Large,Northern GBR,Princess Charlotte,Mid
16/01/2019,1339,2,Ambient,Acropora,tenuis,13-123,2574,326,1017,0.679,13-123_29,5.7,5,5,21,1,Large,Northern GBR,Princess Charlotte,Mid
16/01/2019,1341,1,Ambient,Acropora,tenuis,13-123,2577,288,893,0.677,13-123_1,3.8,5,5,21,3,Large,Northern GBR,Princess Charlotte,Mid
16/01/2019,1341,2,Ambient,Acropora,tenuis,13-123,2578,248,809,0.693,13-123_1,3.8,5,5,21,3,Large,Northern GBR,Princess Charlotte,Mid
16/01/2019,1343,1,Ambient,Acropora,tenuis,13-123,2581,276,817,0.662,13-123_2,4.1,5,5,21,5,Large,Northern GBR,Princess Charlotte,Mid
16/01/2019,1343,2,Ambient,Acropora,tenuis,13-123,2582,234,692,0.662,13-123_2,4.1,5,5,21,5,Large,Northern GBR,Princess Charlotte,Mid
16/01/2019,1299,1,Ambient,Acropora,tenuis,13-123,2596,311,905,0.656,13-123_5,4,5,6,5,1,Large,Northern GBR,Princess Charlotte,Mid
16/01/2019,1299,2,Ambient,Acropora,tenuis,13-123,2597,231,720,0.679,13-123_5,4,5,6,5,1,Large,Northern GBR,Princess Charlotte,Mid
16/01/2019,1301,1,Ambient,Acropora,tenuis,13-123,2600,294,853,0.655,13-123_22,6.2,5,6,5,3,Large,Northern GBR,Princess Charlotte,Mid
16/01/2019,1301,2,Ambient,Acropora,tenuis,13-123,2601,365,1032,0.646,13-123_22,6.2,5,6,5,3,Large,Northern GBR,Princess Charlotte,Mid
16/01/2019,1303,1,Ambient,Acropora,tenuis,13-123,2604,270,771,0.65,13-123_23,6.4,5,6,5,5,Large,Northern GBR,Princess Charlotte,Mid
16/01/2019,1303,2,Ambient,Acropora,tenuis,13-123,2605,205,611,0.664,13-123_23,6.4,5,6,5,5,Large,Northern GBR,Princess Charlotte,Mid
16/01/2019,1305,1,Ambient,Acropora,tenuis,13-123,2608,297,858,0.654,13-123_24,7.4,5,6,5,7,Large,Northern GBR,Princess Charlotte,Mid
16/01/2019,1305,2,Ambient,Acropora,tenuis,13-123,2609,258,772,0.666,13-123_24,7.4,5,6,5,7,Large,Northern GBR,Princess Charlotte,Mid
16/01/2019,1281,1,Ambient,Acropora,tenuis,13-123,2614,243,727,0.666,13-123_29,5.7,5,6,2,1,Large,Northern GBR,Princess Charlotte,Mid
16/01/2019,1281,2,Ambient,Acropora,tenuis,13-123,2615,349,1065,0.672,13-123_29,5.7,5,6,2,1,Large,Northern GBR,Princess Charlotte,Mid
16/01/2019,1283,1,Ambient,Acropora,tenuis,13-123,2618,243,748,0.675,13-123_1,3.8,5,6,2,3,Large,Northern GBR,Princess Charlotte,Mid
16/01/2019,1283,2,Ambient,Acropora,tenuis,13-123,2619,234,718,0.674,13-123_1,3.8,5,6,2,3,Large,Northern GBR,Princess Charlotte,Mid
16/01/2019,1285,1,Ambient,Acropora,tenuis,13-123,2622,258,769,0.664,13-123_2,4.1,5,6,2,5,Large,Northern GBR,Princess Charlotte,Mid
16/01/2019,1285,2,Ambient,Acropora,tenuis,13-123,2623,193,421,0.542,13-123_2,4.1,5,6,2,5,Large,Northern GBR,Princess Charlotte,Mid
16/01/2019,1291,1,Ambient,Acropora,tenuis,13-123,2637,336,1008,0.667,13-123_5,4,5,7,3,1,Large,Northern GBR,Princess Charlotte,Mid
16/01/2019,1291,2,Ambient,Acropora,tenuis,13-123,2638,228,673,0.661,13-123_5,4,5,7,3,1,Large,Northern GBR,Princess Charlotte,Mid
16/01/2019,1293,1,Ambient,Acropora,tenuis,13-123,2641,375,1083,0.654,13-123_22,6.2,5,7,3,3,Large,Northern GBR,Princess Charlotte,Mid
16/01/2019,1293,2,Ambient,Acropora,tenuis,13-123,2642,344,990,0.653,13-123_22,6.2,5,7,3,3,Large,Northern GBR,Princess Charlotte,Mid
16/01/2019,1295,1,Ambient,Acropora,tenuis,13-123,2645,385,1064,0.638,13-123_23,6.4,5,7,3,5,Large,Northern GBR,Princess Charlotte,Mid
16/01/2019,1295,2,Ambient,Acropora,tenuis,13-123,2646,310,892,0.652,13-123_23,6.4,5,7,3,5,Large,Northern GBR,Princess Charlotte,Mid
16/01/2019,1297,1,Ambient,Acropora,tenuis,13-123,2649,297,907,0.673,13-123_24,7.4,5,7,3,7,Large,Northern GBR,Princess Charlotte,Mid
16/01/2019,1297,2,Ambient,Acropora,tenuis,13-123,2650,251,816,0.692,13-123_24,7.4,5,7,3,7,Large,Northern GBR,Princess Charlotte,Mid
16/01/2019,1359,1,Ambient,Acropora,tenuis,13-123,2656,370,1006,0.632,13-123_29,5.7,5,7,26,1,Large,Northern GBR,Princess Charlotte,Mid
16/01/2019,1359,2,Ambient,Acropora,tenuis,13-123,2657,353,1055,0.665,13-123_29,5.7,5,7,26,1,Large,Northern GBR,Princess Charlotte,Mid
16/01/2019,1361,1,Ambient,Acropora,tenuis,13-123,2660,286,864,0.669,13-123_1,3.8,5,7,26,3,Large,Northern GBR,Princess Charlotte,Mid
16/01/2019,1361,2,Ambient,Acropora,tenuis,13-123,2661,239,712,0.664,13-123_1,3.8,5,7,26,3,Large,Northern GBR,Princess Charlotte,Mid
16/01/2019,1363,1,Ambient,Acropora,tenuis,13-123,2664,259,794,0.674,13-123_2,4.1,5,7,26,5,Large,Northern GBR,Princess Charlotte,Mid
16/01/2019,1363,2,Ambient,Acropora,tenuis,13-123,2665,240,736,0.674,13-123_2,4.1,5,7,26,5,Large,Northern GBR,Princess Charlotte,Mid
18/01/2019,1632,1,Ambient,Pocillopora,damicornis,13-123,1311,220,743,0.704,13-123_27,7.1,5,5,23,2,Small,Northern GBR,Princess Charlotte,Mid
18/01/2019,1632,2,Ambient,Pocillopora,damicornis,13-123,1312,186,615,0.698,13-123_27,7.1,5,5,23,2,Small,Northern GBR,Princess Charlotte,Mid
18/01/2019,1634,1,Ambient,Pocillopora,damicornis,13-123,1315,147,387,0.62,13-123_26,8.3,5,5,23,4,Small,Northern GBR,Princess Charlotte,Mid
18/01/2019,1634,2,Ambient,Pocillopora,damicornis,13-123,1316,208,549,0.621,13-123_26,8.3,5,5,23,4,Small,Northern GBR,Princess Charlotte,Mid
18/01/2019,1636,1,Ambient,Pocillopora,damicornis,13-123,1319,213,634,0.664,13-123_28,6.1,5,5,23,6,Small,Northern GBR,Princess Charlotte,Mid
18/01/2019,1636,2,Ambient,Pocillopora,damicornis,13-123,1320,170,505,0.663,13-123_28,6.1,5,5,23,6,Small,Northern GBR,Princess Charlotte,Mid
18/01/2019,1638,1,Ambient,Pocillopora,damicornis,13-123,1323,152,452,0.664,13-123_11,5.3,5,5,23,8,Small,Northern GBR,Princess Charlotte,Mid
18/01/2019,1638,2,Ambient,Pocillopora,damicornis,13-123,1324,122,358,0.659,13-123_11,5.3,5,5,23,8,Small,Northern GBR,Princess Charlotte,Mid
18/01/2019,1640,1,Ambient,Pocillopora,damicornis,13-123,1327,171,519,0.671,13-123_7,4.3,5,5,23,10,Small,Northern GBR,Princess Charlotte,Mid
18/01/2019,1640,2,Ambient,Pocillopora,damicornis,13-123,1328,178,561,0.683,13-123_7,4.3,5,5,23,10,Small,Northern GBR,Princess Charlotte,Mid
18/01/2019,1560,1,Ambient,Pocillopora,damicornis,13-123,1331,119,368,0.677,13-123_25,7.5,5,5,2,2,Small,Northern GBR,Princess Charlotte,Mid
18/01/2019,1560,2,Ambient,Pocillopora,damicornis,13-123,1332,143,441,0.676,13-123_25,7.5,5,5,2,2,Small,Northern GBR,Princess Charlotte,Mid
18/01/2019,1562,1,Ambient,Pocillopora,damicornis,13-123,1335,190,649,0.707,13-123_6,4.7,5,5,2,4,Small,Northern GBR,Princess Charlotte,Mid
18/01/2019,1562,2,Ambient,Pocillopora,damicornis,13-123,1336,155,448,0.654,13-123_6,4.7,5,5,2,4,Small,Northern GBR,Princess Charlotte,Mid
18/01/2019,1564,1,Ambient,Pocillopora,damicornis,13-123,1339,149,446,0.666,13-123_9,6.2,5,5,2,6,Small,Northern GBR,Princess Charlotte,Mid
18/01/2019,1564,2,Ambient,Pocillopora,damicornis,13-123,1340,169,448,0.623,13-123_9,6.2,5,5,2,6,Small,Northern GBR,Princess Charlotte,Mid
18/01/2019,1566,1,Ambient,Pocillopora,damicornis,13-123,1343,240,791,0.697,13-123_21,5.6,5,5,2,8,Small,Northern GBR,Princess Charlotte,Mid
18/01/2019,1566,2,Ambient,Pocillopora,damicornis,13-123,1344,233,753,0.691,13-123_21,5.6,5,5,2,8,Small,Northern GBR,Princess Charlotte,Mid
18/01/2019,1576,1,Ambient,Pocillopora,damicornis,13-123,1350,104,327,0.682,13-123_27,7.1,5,6,5,2,Small,Northern GBR,Princess Charlotte,Mid
18/01/2019,1576,2,Ambient,Pocillopora,damicornis,13-123,1351,190,503,0.622,13-123_27,7.1,5,6,5,2,Small,Northern GBR,Princess Charlotte,Mid
18/01/2019,1578,1,Ambient,Pocillopora,damicornis,13-123,1356,232,649,0.643,13-123_26,8.3,5,6,5,4,Small,Northern GBR,Princess Charlotte,Mid
18/01/2019,1578,2,Ambient,Pocillopora,damicornis,13-123,1357,196,609,0.678,13-123_26,8.3,5,6,5,4,Small,Northern GBR,Princess Charlotte,Mid
18/01/2019,1580,1,Ambient,Pocillopora,damicornis,13-123,1360,217,631,0.656,13-123_28,6.1,5,6,5,6,Small,Northern GBR,Princess Charlotte,Mid
18/01/2019,1580,2,Ambient,Pocillopora,damicornis,13-123,1361,164,548,0.701,13-123_28,6.1,5,6,5,6,Small,Northern GBR,Princess Charlotte,Mid
18/01/2019,1582,1,Ambient,Pocillopora,damicornis,13-123,1364,170,546,0.689,13-123_11,5.3,5,6,5,8,Small,Northern GBR,Princess Charlotte,Mid
18/01/2019,1582,2,Ambient,Pocillopora,damicornis,13-123,1365,69,196,0.648,13-123_11,5.3,5,6,5,8,Small,Northern GBR,Princess Charlotte,Mid
18/01/2019,1584,1,Ambient,Pocillopora,damicornis,13-123,1368,103,302,0.659,13-123_7,4.3,5,6,5,10,Small,Northern GBR,Princess Charlotte,Mid
18/01/2019,1584,2,Ambient,Pocillopora,damicornis,13-123,1369,198,571,0.653,13-123_7,4.3,5,6,5,10,Small,Northern GBR,Princess Charlotte,Mid
18/01/2019,1624,1,Ambient,Pocillopora,damicornis,13-123,1374,214,803,0.733,13-123_25,7.5,5,6,21,2,Small,Northern GBR,Princess Charlotte,Mid
18/01/2019,1624,2,Ambient,Pocillopora,damicornis,13-123,1375,248,792,0.687,13-123_25,7.5,5,6,21,2,Small,Northern GBR,Princess Charlotte,Mid
18/01/2019,1626,1,Ambient,Pocillopora,damicornis,13-123,1378,246,790,0.689,13-123_6,4.7,5,6,21,4,Small,Northern GBR,Princess Charlotte,Mid
18/01/2019,1626,2,Ambient,Pocillopora,damicornis,13-123,1379,225,688,0.673,13-123_6,4.7,5,6,21,4,Small,Northern GBR,Princess Charlotte,Mid
18/01/2019,1628,1,Ambient,Pocillopora,damicornis,13-123,1382,184,497,0.63,13-123_9,6.2,5,6,21,6,Small,Northern GBR,Princess Charlotte,Mid
18/01/2019,1628,2,Ambient,Pocillopora,damicornis,13-123,1383,217,583,0.628,13-123_9,6.2,5,6,21,6,Small,Northern GBR,Princess Charlotte,Mid
18/01/2019,1630,1,Ambient,Pocillopora,damicornis,13-123,1386,218,738,0.705,13-123_21,5.6,5,6,21,8,Small,Northern GBR,Princess Charlotte,Mid
18/01/2019,1630,2,Ambient,Pocillopora,damicornis,13-123,1387,276,950,0.709,13-123_21,5.6,5,6,21,8,Small,Northern GBR,Princess Charlotte,Mid
18/01/2019,1596,1,Ambient,Pocillopora,damicornis,13-123,1393,148,480,0.692,13-123_25,7.5,5,7,10,2,Small,Northern GBR,Princess Charlotte,Mid
18/01/2019,1596,2,Ambient,Pocillopora,damicornis,13-123,1394,128,373,0.657,13-123_25,7.5,5,7,10,2,Small,Northern GBR,Princess Charlotte,Mid
18/01/2019,1598,1,Ambient,Pocillopora,damicornis,13-123,1397,140,448,0.688,13-123_6,4.7,5,7,10,4,Small,Northern GBR,Princess Charlotte,Mid
18/01/2019,1598,2,Ambient,Pocillopora,damicornis,13-123,1398,100,257,0.611,13-123_6,4.7,5,7,10,4,Small,Northern GBR,Princess Charlotte,Mid
18/01/2019,1600,1,Ambient,Pocillopora,damicornis,13-123,1401,135,390,0.654,13-123_9,6.2,5,7,10,6,Small,Northern GBR,Princess Charlotte,Mid
18/01/2019,1600,2,Ambient,Pocillopora,damicornis,13-123,1402,177,470,0.623,13-123_9,6.2,5,7,10,6,Small,Northern GBR,Princess Charlotte,Mid
18/01/2019,1602,1,Ambient,Pocillopora,damicornis,13-123,1405,199,665,0.701,13-123_21,5.6,5,7,10,8,Small,Northern GBR,Princess Charlotte,Mid
18/01/2019,1602,2,Ambient,Pocillopora,damicornis,13-123,1406,139,441,0.685,13-123_21,5.6,5,7,10,8,Small,Northern GBR,Princess Charlotte,Mid
18/01/2019,1614,1,Ambient,Pocillopora,damicornis,13-123,1412,212,622,0.659,13-123_27,7.1,5,7,19,2,Small,Northern GBR,Princess Charlotte,Mid
18/01/2019,1614,2,Ambient,Pocillopora,damicornis,13-123,1413,174,504,0.655,13-123_27,7.1,5,7,19,2,Small,Northern GBR,Princess Charlotte,Mid
18/01/2019,1616,1,Ambient,Pocillopora,damicornis,13-123,1416,230,640,0.641,13-123_26,8.3,5,7,19,4,Small,Northern GBR,Princess Charlotte,Mid
18/01/2019,1616,2,Ambient,Pocillopora,damicornis,13-123,1417,260,887,0.707,13-123_26,8.3,5,7,19,4,Small,Northern GBR,Princess Charlotte,Mid
18/01/2019,1618,1,Ambient,Pocillopora,damicornis,13-123,1420,336,1039,0.677,13-123_28,6.1,5,7,19,6,Small,Northern GBR,Princess Charlotte,Mid
18/01/2019,1620,1,Ambient,Pocillopora,damicornis,13-123,1423,187,573,0.674,13-123_11,5.3,5,7,19,8,Small,Northern GBR,Princess Charlotte,Mid
18/01/2019,1620,2,Ambient,Pocillopora,damicornis,13-123,1424,254,816,0.689,13-123_11,5.3,5,7,19,8,Small,Northern GBR,Princess Charlotte,Mid
18/01/2019,1622,1,Ambient,Pocillopora,damicornis,13-123,1427,173,574,0.699,13-123_7,4.3,5,7,19,10,Small,Northern GBR,Princess Charlotte,Mid
18/01/2019,1622,2,Ambient,Pocillopora,damicornis,13-123,1428,175,503,0.652,13-123_7,4.3,5,7,19,10,Small,Northern GBR,Princess Charlotte,Mid
16/01/2019,1346,1,Ambient,Acropora,tenuis,13-123,2587,216,640,0.663,13-123_3,4,4,5,21,8,Small,Northern GBR,Princess Charlotte,Mid
16/01/2019,1346,2,Ambient,Acropora,tenuis,13-123,2588,137,441,0.689,13-123_3,4,4,5,21,8,Small,Northern GBR,Princess Charlotte,Mid
16/01/2019,1348,1,Ambient,Acropora,tenuis,13-123,2591,272,843,0.677,13-123_4,5.6,4,5,21,10,Small,Northern GBR,Princess Charlotte,Mid
16/01/2019,1348,2,Ambient,Acropora,tenuis,13-123,2592,311,914,0.66,13-123_4,5.6,4,5,21,10,Small,Northern GBR,Princess Charlotte,Mid
16/01/2019,1288,1,Ambient,Acropora,tenuis,13-123,2628,187,600,0.688,13-123_3,4,4,6,2,8,Small,Northern GBR,Princess Charlotte,Mid
16/01/2019,1288,2,Ambient,Acropora,tenuis,13-123,2629,139,426,0.674,13-123_3,4,4,6,2,8,Small,Northern GBR,Princess Charlotte,Mid
16/01/2019,1290,1,Ambient,Acropora,tenuis,13-123,2632,283,800,0.646,13-123_4,5.6,4,6,2,10,Small,Northern GBR,Princess Charlotte,Mid
16/01/2019,1290,2,Ambient,Acropora,tenuis,13-123,2633,185,602,0.693,13-123_4,5.6,4,6,2,10,Small,Northern GBR,Princess Charlotte,Mid
16/01/2019,1366,1,Ambient,Acropora,tenuis,13-123,2670,157,586,0.732,13-123_3,4,4,7,26,8,Small,Northern GBR,Princess Charlotte,Mid
16/01/2019,1366,2,Ambient,Acropora,tenuis,13-123,2671,216,642,0.664,13-123_3,4,4,7,26,8,Small,Northern GBR,Princess Charlotte,Mid
16/01/2019,1368,1,Ambient,Acropora,tenuis,13-123,2674,337,920,0.634,13-123_4,5.6,4,7,26,10,Small,Northern GBR,Princess Charlotte,Mid
16/01/2019,1368,2,Ambient,Acropora,tenuis,13-123,2675,357,936,0.619,13-123_4,5.6,4,7,26,10,Small,Northern GBR,Princess Charlotte,Mid
16/01/2019,1324,1,Ambient,Acropora,tenuis,13-123,2533,263,808,0.675,13-123_5,4,5,5,16,2,Small,Northern GBR,Princess Charlotte,Mid
16/01/2019,1324,2,Ambient,Acropora,tenuis,13-123,2534,263,816,0.678,13-123_5,4,5,5,16,2,Small,Northern GBR,Princess Charlotte,Mid
16/01/2019,1326,1,Ambient,Acropora,tenuis,13-123,2537,292,839,0.652,13-123_22,6.2,5,5,16,4,Small,Northern GBR,Princess Charlotte,Mid
16/01/2019,1326,2,Ambient,Acropora,tenuis,13-123,2538,249,760,0.672,13-123_22,6.2,5,5,16,4,Small,Northern GBR,Princess Charlotte,Mid
16/01/2019,1328,1,Ambient,Acropora,tenuis,13-123,2541,301,873,0.655,13-123_23,6.4,5,5,16,6,Small,Northern GBR,Princess Charlotte,Mid
16/01/2019,1328,2,Ambient,Acropora,tenuis,13-123,2542,248,745,0.667,13-123_23,6.4,5,5,16,6,Small,Northern GBR,Princess Charlotte,Mid
16/01/2019,1330,1,Ambient,Acropora,tenuis,13-123,2545,266,809,0.671,13-123_24,7.4,5,5,16,8,Small,Northern GBR,Princess Charlotte,Mid
16/01/2019,1330,2,Ambient,Acropora,tenuis,13-123,2546,215,644,0.666,13-123_24,7.4,5,5,16,8,Small,Northern GBR,Princess Charlotte,Mid
16/01/2019,1340,1,Ambient,Acropora,tenuis,13-123,2575,315,965,0.674,13-123_29,5.7,5,5,21,2,Small,Northern GBR,Princess Charlotte,Mid
16/01/2019,1340,2,Ambient,Acropora,tenuis,13-123,2576,262,812,0.677,13-123_29,5.7,5,5,21,2,Small,Northern GBR,Princess Charlotte,Mid
16/01/2019,1342,1,Ambient,Acropora,tenuis,13-123,2579,268,845,0.683,13-123_1,3.8,5,5,21,4,Small,Northern GBR,Princess Charlotte,Mid
16/01/2019,1342,2,Ambient,Acropora,tenuis,13-123,2580,239,767,0.688,13-123_1,3.8,5,5,21,4,Small,Northern GBR,Princess Charlotte,Mid
16/01/2019,1344,1,Ambient,Acropora,tenuis,13-123,2583,256,769,0.667,13-123_2,4.1,5,5,21,6,Small,Northern GBR,Princess Charlotte,Mid
16/01/2019,1344,2,Ambient,Acropora,tenuis,13-123,2584,220,647,0.66,13-123_2,4.1,5,5,21,6,Small,Northern GBR,Princess Charlotte,Mid
16/01/2019,1300,1,Ambient,Acropora,tenuis,13-123,2598,248,776,0.68,13-123_5,4,5,6,5,2,Small,Northern GBR,Princess Charlotte,Mid
16/01/2019,1300,2,Ambient,Acropora,tenuis,13-123,2599,278,868,0.68,13-123_5,4,5,6,5,2,Small,Northern GBR,Princess Charlotte,Mid
16/01/2019,1302,1,Ambient,Acropora,tenuis,13-123,2602,225,661,0.66,13-123_22,6.2,5,6,5,4,Small,Northern GBR,Princess Charlotte,Mid
16/01/2019,1302,2,Ambient,Acropora,tenuis,13-123,2603,290,827,0.649,13-123_22,6.2,5,6,5,4,Small,Northern GBR,Princess Charlotte,Mid
16/01/2019,1304,1,Ambient,Acropora,tenuis,13-123,2606,238,668,0.644,13-123_23,6.4,5,6,5,6,Small,Northern GBR,Princess Charlotte,Mid
16/01/2019,1304,2,Ambient,Acropora,tenuis,13-123,2607,237,647,0.634,13-123_23,6.4,5,6,5,6,Small,Northern GBR,Princess Charlotte,Mid
16/01/2019,1306,1,Ambient,Acropora,tenuis,13-123,2610,186,531,0.65,13-123_24,7.4,5,6,5,8,Small,Northern GBR,Princess Charlotte,Mid
16/01/2019,1306,2,Ambient,Acropora,tenuis,13-123,2611,219,605,0.638,13-123_24,7.4,5,6,5,8,Small,Northern GBR,Princess Charlotte,Mid
16/01/2019,1282,1,Ambient,Acropora,tenuis,13-123,2616,292,920,0.683,13-123_29,5.7,5,6,2,2,Small,Northern GBR,Princess Charlotte,Mid
16/01/2019,1282,2,Ambient,Acropora,tenuis,13-123,2617,304,967,0.686,13-123_29,5.7,5,6,2,2,Small,Northern GBR,Princess Charlotte,Mid
16/01/2019,1284,1,Ambient,Acropora,tenuis,13-123,2620,203,634,0.68,13-123_1,3.8,5,6,2,4,Small,Northern GBR,Princess Charlotte,Mid
16/01/2019,1284,2,Ambient,Acropora,tenuis,13-123,2621,186,587,0.683,13-123_1,3.8,5,6,2,4,Small,Northern GBR,Princess Charlotte,Mid
16/01/2019,1286,1,Ambient,Acropora,tenuis,13-123,2624,192,599,0.679,13-123_2,4.1,5,6,2,6,Small,Northern GBR,Princess Charlotte,Mid
16/01/2019,1286,2,Ambient,Acropora,tenuis,13-123,2625,160,488,0.672,13-123_2,4.1,5,6,2,6,Small,Northern GBR,Princess Charlotte,Mid
16/01/2019,1292,1,Ambient,Acropora,tenuis,13-123,2639,311,937,0.668,13-123_5,4,5,7,3,2,Small,Northern GBR,Princess Charlotte,Mid
16/01/2019,1292,2,Ambient,Acropora,tenuis,13-123,2640,289,922,0.687,13-123_5,4,5,7,3,2,Small,Northern GBR,Princess Charlotte,Mid
16/01/2019,1294,1,Ambient,Acropora,tenuis,13-123,2643,317,934,0.661,13-123_22,6.2,5,7,3,4,Small,Northern GBR,Princess Charlotte,Mid
16/01/2019,1294,2,Ambient,Acropora,tenuis,13-123,2644,197,566,0.652,13-123_22,6.2,5,7,3,4,Small,Northern GBR,Princess Charlotte,Mid
16/01/2019,1296,1,Ambient,Acropora,tenuis,13-123,2647,258,775,0.667,13-123_23,6.4,5,7,3,6,Small,Northern GBR,Princess Charlotte,Mid
16/01/2019,1296,2,Ambient,Acropora,tenuis,13-123,2648,230,671,0.657,13-123_23,6.4,5,7,3,6,Small,Northern GBR,Princess Charlotte,Mid
16/01/2019,1298,1,Ambient,Acropora,tenuis,13-123,2651,248,765,0.676,13-123_24,7.4,5,7,3,8,Small,Northern GBR,Princess Charlotte,Mid
16/01/2019,1298,2,Ambient,Acropora,tenuis,13-123,2652,300,913,0.671,13-123_24,7.4,5,7,3,8,Small,Northern GBR,Princess Charlotte,Mid
16/01/2019,1360,1,Ambient,Acropora,tenuis,13-123,2658,381,1152,0.669,13-123_29,5.7,5,7,26,2,Small,Northern GBR,Princess Charlotte,Mid
16/01/2019,1360,2,Ambient,Acropora,tenuis,13-123,2659,342,1055,0.676,13-123_29,5.7,5,7,26,2,Small,Northern GBR,Princess Charlotte,Mid
16/01/2019,1362,1,Ambient,Acropora,tenuis,13-123,2662,248,773,0.679,13-123_1,3.8,5,7,26,4,Small,Northern GBR,Princess Charlotte,Mid
16/01/2019,1362,2,Ambient,Acropora,tenuis,13-123,2663,236,779,0.697,13-123_1,3.8,5,7,26,4,Small,Northern GBR,Princess Charlotte,Mid
16/01/2019,1364,1,Ambient,Acropora,tenuis,13-123,2666,204,641,0.682,13-123_2,4.1,5,7,26,6,Small,Northern GBR,Princess Charlotte,Mid
16/01/2019,1364,2,Ambient,Acropora,tenuis,13-123,2667,195,583,0.666,13-123_2,4.1,5,7,26,6,Small,Northern GBR,Princess Charlotte,Mid
18/01/2019,1551,1,High,Pocillopora,damicornis,13-123,1183,7,22,-,13-123_25,7.5,5,2,1,1,Large,Northern GBR,Princess Charlotte,Mid
18/01/2019,1551,2,High,Pocillopora,damicornis,13-123,1184,18,29,-,13-123_25,7.5,5,2,1,1,Large,Northern GBR,Princess Charlotte,Mid
18/01/2019,1553,1,High,Pocillopora,damicornis,13-123,1188,89,255,0.651,13-123_6,4.7,5,2,1,3,Large,Northern GBR,Princess Charlotte,Mid
18/01/2019,1553,2,High,Pocillopora,damicornis,13-123,1189,138,359,0.616,13-123_6,4.7,5,2,1,3,Large,Northern GBR,Princess Charlotte,Mid
18/01/2019,1555,1,High,Pocillopora,damicornis,13-123,1192,82,156,0.474,13-123_9,6.2,5,2,1,5,Large,Northern GBR,Princess Charlotte,Mid
18/01/2019,1555,2,High,Pocillopora,damicornis,13-123,1193,30,59,0.492,13-123_9,6.2,5,2,1,5,Large,Northern GBR,Princess Charlotte,Mid
18/01/2019,1557,1,High,Pocillopora,damicornis,13-123,1196,63,127,0.504,13-123_21,5.6,5,2,1,7,Large,Northern GBR,Princess Charlotte,Mid
18/01/2019,1557,2,High,Pocillopora,damicornis,13-123,1197,67,147,0.544,13-123_21,5.6,5,2,1,7,Large,Northern GBR,Princess Charlotte,Mid
18/01/2019,1585,1,High,Pocillopora,damicornis,13-123,1202,159,353,0.55,13-123_27,7.1,5,2,7,1,Large,Northern GBR,Princess Charlotte,Mid
18/01/2019,1585,2,High,Pocillopora,damicornis,13-123,1203,166,405,0.59,13-123_27,7.1,5,2,7,1,Large,Northern GBR,Princess Charlotte,Mid
18/01/2019,1587,1,High,Pocillopora,damicornis,13-123,1206,29,39,-,13-123_26,8.3,5,2,7,3,Large,Northern GBR,Princess Charlotte,Mid
18/01/2019,1587,2,High,Pocillopora,damicornis,13-123,1207,54,107,0.495,13-123_26,8.3,5,2,7,3,Large,Northern GBR,Princess Charlotte,Mid
18/01/2019,1589,1,High,Pocillopora,damicornis,13-123,1210,218,396,0.449,13-123_28,6.1,5,2,7,5,Large,Northern GBR,Princess Charlotte,Mid
18/01/2019,1589,2,High,Pocillopora,damicornis,13-123,1211,324,907,0.643,13-123_28,6.1,5,2,7,5,Large,Northern GBR,Princess Charlotte,Mid
18/01/2019,1591,1,High,Pocillopora,damicornis,13-123,1214,163,460,0.646,13-123_11,5.3,5,2,7,7,Large,Northern GBR,Princess Charlotte,Mid
18/01/2019,1591,2,High,Pocillopora,damicornis,13-123,1215,103,287,0.641,13-123_11,5.3,5,2,7,7,Large,Northern GBR,Princess Charlotte,Mid
18/01/2019,1593,1,High,Pocillopora,damicornis,13-123,1218,51,157,0.675,13-123_7,4.3,5,2,7,9,Large,Northern GBR,Princess Charlotte,Mid
18/01/2019,1593,2,High,Pocillopora,damicornis,13-123,1219,151,477,0.683,13-123_7,4.3,5,2,7,9,Large,Northern GBR,Princess Charlotte,Mid
18/01/2019,1641,1,High,Pocillopora,damicornis,13-123,1225,15,20,-,13-123_25,7.5,5,3,25,1,Large,Northern GBR,Princess Charlotte,Mid
18/01/2019,1641,2,High,Pocillopora,damicornis,13-123,1226,12,21,-,13-123_25,7.5,5,3,25,1,Large,Northern GBR,Princess Charlotte,Mid
18/01/2019,1643,1,High,Pocillopora,damicornis,13-123,1229,56,191,0.707,13-123_6,4.7,5,3,25,3,Large,Northern GBR,Princess Charlotte,Mid
18/01/2019,1643,2,High,Pocillopora,damicornis,13-123,1230,129,371,0.652,13-123_6,4.7,5,3,25,3,Large,Northern GBR,Princess Charlotte,Mid
18/01/2019,1645,1,High,Pocillopora,damicornis,13-123,1233,118,249,0.526,13-123_9,6.2,5,3,25,5,Large,Northern GBR,Princess Charlotte,Mid
18/01/2019,1645,2,High,Pocillopora,damicornis,13-123,1234,119,247,0.518,13-123_9,6.2,5,3,25,5,Large,Northern GBR,Princess Charlotte,Mid
18/01/2019,1647,1,High,Pocillopora,damicornis,13-123,1237,111,305,0.636,13-123_21,5.6,5,3,25,7,Large,Northern GBR,Princess Charlotte,Mid
18/01/2019,1647,2,High,Pocillopora,damicornis,13-123,1238,41,105,0.61,13-123_21,5.6,5,3,25,7,Large,Northern GBR,Princess Charlotte,Mid
18/01/2019,1603,1,High,Pocillopora,damicornis,13-123,1243,41,114,0.64,13-123_27,7.1,5,3,16,1,Large,Northern GBR,Princess Charlotte,Mid
18/01/2019,1603,2,High,Pocillopora,damicornis,13-123,1244,104,255,0.592,13-123_27,7.1,5,3,16,1,Large,Northern GBR,Princess Charlotte,Mid
18/01/2019,1605,1,High,Pocillopora,damicornis,13-123,1247,38,57,0.333,13-123_26,8.3,5,3,16,3,Large,Northern GBR,Princess Charlotte,Mid
18/01/2019,1605,2,High,Pocillopora,damicornis,13-123,1248,24,49,-,13-123_26,8.3,5,3,16,3,Large,Northern GBR,Princess Charlotte,Mid
18/01/2019,1607,1,High,Pocillopora,damicornis,13-123,1251,90,177,0.492,13-123_28,6.1,5,3,16,5,Large,Northern GBR,Princess Charlotte,Mid
18/01/2019,1607,2,High,Pocillopora,damicornis,13-123,1252,142,278,0.489,13-123_28,6.1,5,3,16,5,Large,Northern GBR,Princess Charlotte,Mid
18/01/2019,1609,1,High,Pocillopora,damicornis,13-123,1256,62,150,0.587,13-123_11,5.3,5,3,16,7,Large,Northern GBR,Princess Charlotte,Mid
18/01/2019,1609,2,High,Pocillopora,damicornis,13-123,1257,122,337,0.638,13-123_11,5.3,5,3,16,7,Large,Northern GBR,Princess Charlotte,Mid
18/01/2019,1611,1,High,Pocillopora,damicornis,13-123,1260,58,139,0.583,13-123_7,4.3,5,3,16,9,Large,Northern GBR,Princess Charlotte,Mid
18/01/2019,1611,2,High,Pocillopora,damicornis,13-123,1261,43,128,0.664,13-123_7,4.3,5,3,16,9,Large,Northern GBR,Princess Charlotte,Mid
18/01/2019,1567,1,High,Pocillopora,damicornis,13-123,1267,40,82,0.512,13-123_25,7.5,5,4,3,1,Large,Northern GBR,Princess Charlotte,Mid
18/01/2019,1567,2,High,Pocillopora,damicornis,13-123,1268,45,117,0.615,13-123_25,7.5,5,4,3,1,Large,Northern GBR,Princess Charlotte,Mid
18/01/2019,1569,1,High,Pocillopora,damicornis,13-123,1271,135,432,0.688,13-123_6,4.7,5,4,3,3,Large,Northern GBR,Princess Charlotte,Mid
18/01/2019,1569,2,High,Pocillopora,damicornis,13-123,1272,116,353,0.671,13-123_6,4.7,5,4,3,3,Large,Northern GBR,Princess Charlotte,Mid
18/01/2019,1571,1,High,Pocillopora,damicornis,13-123,1275,40,104,0.615,13-123_9,6.2,5,4,3,5,Large,Northern GBR,Princess Charlotte,Mid
18/01/2019,1571,2,High,Pocillopora,damicornis,13-123,1276,42,103,0.592,13-123_9,6.2,5,4,3,5,Large,Northern GBR,Princess Charlotte,Mid
18/01/2019,1573,1,High,Pocillopora,damicornis,13-123,1279,80,195,0.59,13-123_21,5.6,5,4,3,7,Large,Northern GBR,Princess Charlotte,Mid
18/01/2019,1573,2,High,Pocillopora,damicornis,13-123,1280,53,131,0.595,13-123_21,5.6,5,4,3,7,Large,Northern GBR,Princess Charlotte,Mid
18/01/2019,1649,1,High,Pocillopora,damicornis,13-123,1285,178,551,0.677,13-123_27,7.1,5,4,26,1,Large,Northern GBR,Princess Charlotte,Mid
18/01/2019,1649,2,High,Pocillopora,damicornis,13-123,1286,248,763,0.675,13-123_27,7.1,5,4,26,1,Large,Northern GBR,Princess Charlotte,Mid
18/01/2019,1651,1,High,Pocillopora,damicornis,13-123,1289,54,143,0.622,13-123_26,8.3,5,4,26,3,Large,Northern GBR,Princess Charlotte,Mid
18/01/2019,1651,2,High,Pocillopora,damicornis,13-123,1290,113,214,0.472,13-123_26,8.3,5,4,26,3,Large,Northern GBR,Princess Charlotte,Mid
18/01/2019,1653,1,High,Pocillopora,damicornis,13-123,1293,271,836,0.676,13-123_28,6.1,5,4,26,5,Large,Northern GBR,Princess Charlotte,Mid
18/01/2019,1653,2,High,Pocillopora,damicornis,13-123,1294,243,695,0.65,13-123_28,6.1,5,4,26,5,Large,Northern GBR,Princess Charlotte,Mid
18/01/2019,1655,1,High,Pocillopora,damicornis,13-123,1297,142,415,0.658,13-123_11,5.3,5,4,26,7,Large,Northern GBR,Princess Charlotte,Mid
18/01/2019,1655,2,High,Pocillopora,damicornis,13-123,1298,116,327,0.645,13-123_11,5.3,5,4,26,7,Large,Northern GBR,Princess Charlotte,Mid
18/01/2019,1657,1,High,Pocillopora,damicornis,13-123,1301,268,865,0.69,13-123_7,4.3,5,4,26,9,Large,Northern GBR,Princess Charlotte,Mid
18/01/2019,1657,2,High,Pocillopora,damicornis,13-123,1302,192,572,0.664,13-123_7,4.3,5,4,26,9,Large,Northern GBR,Princess Charlotte,Mid
16/01/2019,1277,1,High,Acropora,tenuis,13-123,2437,286,725,0.606,13-123_3,4,4,2,1,7,Large,Northern GBR,Princess Charlotte,Mid
16/01/2019,1277,2,High,Acropora,tenuis,13-123,2438,283,752,0.624,13-123_3,4,4,2,1,7,Large,Northern GBR,Princess Charlotte,Mid
16/01/2019,1279,1,High,Acropora,tenuis,13-123,2441,253,767,0.67,13-123_4,5.6,4,2,1,9,Large,Northern GBR,Princess Charlotte,Mid
16/01/2019,1279,2,High,Acropora,tenuis,13-123,2442,287,837,0.657,13-123_4,5.6,4,2,1,9,Large,Northern GBR,Princess Charlotte,Mid
16/01/2019,1375,1,High,Acropora,tenuis,13-123,2478,129,379,0.66,13-123_3,4,4,3,97,7,Large,Northern GBR,Princess Charlotte,Mid
16/01/2019,1375,2,High,Acropora,tenuis,13-123,2479,161,448,0.641,13-123_3,4,4,3,97,7,Large,Northern GBR,Princess Charlotte,Mid
16/01/2019,1377,1,High,Acropora,tenuis,13-123,2482,187,362,0.483,13-123_4,5.6,4,3,97,9,Large,Northern GBR,Princess Charlotte,Mid
16/01/2019,1377,2,High,Acropora,tenuis,13-123,2483,189,427,0.557,13-123_4,5.6,4,3,97,9,Large,Northern GBR,Princess Charlotte,Mid
16/01/2019,1355,1,High,Acropora,tenuis,13-123,2519,240,724,0.669,13-123_3,4,4,4,25,7,Large,Northern GBR,Princess Charlotte,Mid
16/01/2019,1355,2,High,Acropora,tenuis,13-123,2520,250,778,0.679,13-123_3,4,4,4,25,7,Large,Northern GBR,Princess Charlotte,Mid
16/01/2019,1357,1,High,Acropora,tenuis,13-123,2523,272,780,0.651,13-123_4,5.6,4,4,25,9,Large,Northern GBR,Princess Charlotte,Mid
16/01/2019,1357,2,High,Acropora,tenuis,13-123,2524,207,646,0.68,13-123_4,5.6,4,4,25,9,Large,Northern GBR,Princess Charlotte,Mid
16/01/2019,1331,1,High,Acropora,tenuis,13-123,2383,103,189,0.455,13-123_5,4,5,2,19,1,Large,Northern GBR,Princess Charlotte,Mid
16/01/2019,1331,2,High,Acropora,tenuis,13-123,2384,99,223,0.556,13-123_5,4,5,2,19,1,Large,Northern GBR,Princess Charlotte,Mid
16/01/2019,1333,1,High,Acropora,tenuis,13-123,2387,83,216,0.616,13-123_22,6.2,5,2,19,3,Large,Northern GBR,Princess Charlotte,Mid
16/01/2019,1333,2,High,Acropora,tenuis,13-123,2388,185,498,0.629,13-123_22,6.2,5,2,19,3,Large,Northern GBR,Princess Charlotte,Mid
16/01/2019,1335,1,High,Acropora,tenuis,13-123,2391,136,295,0.539,13-123_23,6.4,5,2,19,5,Large,Northern GBR,Princess Charlotte,Mid
16/01/2019,1335,2,High,Acropora,tenuis,13-123,2392,186,365,0.49,13-123_23,6.4,5,2,19,5,Large,Northern GBR,Princess Charlotte,Mid
16/01/2019,1337,1,High,Acropora,tenuis,13-123,2395,221,572,0.614,13-123_24,7.4,5,2,19,7,Large,Northern GBR,Princess Charlotte,Mid
16/01/2019,1337,2,High,Acropora,tenuis,13-123,2396,188,453,0.585,13-123_24,7.4,5,2,19,7,Large,Northern GBR,Princess Charlotte,Mid
16/01/2019,1271,1,High,Acropora,tenuis,13-123,2425,148,316,0.532,13-123_29,5.7,5,2,1,1,Large,Northern GBR,Princess Charlotte,Mid
16/01/2019,1271,2,High,Acropora,tenuis,13-123,2426,225,545,0.587,13-123_29,5.7,5,2,1,1,Large,Northern GBR,Princess Charlotte,Mid
16/01/2019,1273,1,High,Acropora,tenuis,13-123,2429,163,434,0.624,13-123_1,3.8,5,2,1,3,Large,Northern GBR,Princess Charlotte,Mid
16/01/2019,1273,2,High,Acropora,tenuis,13-123,2430,200,410,0.512,13-123_1,3.8,5,2,1,3,Large,Northern GBR,Princess Charlotte,Mid
16/01/2019,1275,1,High,Acropora,tenuis,13-123,2433,220,534,0.588,13-123_2,4.1,5,2,1,5,Large,Northern GBR,Princess Charlotte,Mid
16/01/2019,1275,2,High,Acropora,tenuis,13-123,2434,295,733,0.598,13-123_2,4.1,5,2,1,5,Large,Northern GBR,Princess Charlotte,Mid
16/01/2019,1315,1,High,Acropora,tenuis,13-123,2448,226,413,0.453,13-123_5,4,5,3,11,1,Large,Northern GBR,Princess Charlotte,Mid
16/01/2019,1315,2,High,Acropora,tenuis,13-123,2449,108,264,0.591,13-123_5,4,5,3,11,1,Large,Northern GBR,Princess Charlotte,Mid
16/01/2019,1317,1,High,Acropora,tenuis,13-123,2452,201,481,0.582,13-123_22,6.2,5,3,11,3,Large,Northern GBR,Princess Charlotte,Mid
16/01/2019,1317,2,High,Acropora,tenuis,13-123,2453,268,658,0.593,13-123_22,6.2,5,3,11,3,Large,Northern GBR,Princess Charlotte,Mid
16/01/2019,1319,1,High,Acropora,tenuis,13-123,2456,228,528,0.568,13-123_23,6.4,5,3,11,5,Large,Northern GBR,Princess Charlotte,Mid
16/01/2019,1319,2,High,Acropora,tenuis,13-123,2457,261,583,0.552,13-123_23,6.4,5,3,11,5,Large,Northern GBR,Princess Charlotte,Mid
16/01/2019,1321,1,High,Acropora,tenuis,13-123,2460,262,600,0.563,13-123_24,7.4,5,3,11,7,Large,Northern GBR,Princess Charlotte,Mid
16/01/2019,1321,2,High,Acropora,tenuis,13-123,2461,296,666,0.556,13-123_24,7.4,5,3,11,7,Large,Northern GBR,Princess Charlotte,Mid
16/01/2019,1369,1,High,Acropora,tenuis,13-123,2466,149,281,0.47,13-123_29,5.7,5,3,97,1,Large,Northern GBR,Princess Charlotte,Mid
16/01/2019,1369,2,High,Acropora,tenuis,13-123,2467,199,467,0.574,13-123_29,5.7,5,3,97,1,Large,Northern GBR,Princess Charlotte,Mid
16/01/2019,1371,1,High,Acropora,tenuis,13-123,2470,105,232,0.547,13-123_1,3.8,5,3,97,3,Large,Northern GBR,Princess Charlotte,Mid
16/01/2019,1371,2,High,Acropora,tenuis,13-123,2471,82,206,0.602,13-123_1,3.8,5,3,97,3,Large,Northern GBR,Princess Charlotte,Mid
16/01/2019,1373,1,High,Acropora,tenuis,13-123,2474,149,380,0.608,13-123_2,4.1,5,3,97,5,Large,Northern GBR,Princess Charlotte,Mid
16/01/2019,1373,2,High,Acropora,tenuis,13-123,2475,134,354,0.621,13-123_2,4.1,5,3,97,5,Large,Northern GBR,Princess Charlotte,Mid
16/01/2019,1307,1,High,Acropora,tenuis,13-123,2489,170,367,0.537,13-123_5,4,5,4,7,1,Large,Northern GBR,Princess Charlotte,Mid
16/01/2019,1307,2,High,Acropora,tenuis,13-123,2490,140,396,0.646,13-123_5,4,5,4,7,1,Large,Northern GBR,Princess Charlotte,Mid
16/01/2019,1309,1,High,Acropora,tenuis,13-123,2493,388,1072,0.638,13-123_22,6.2,5,4,7,3,Large,Northern GBR,Princess Charlotte,Mid
16/01/2019,1309,2,High,Acropora,tenuis,13-123,2494,244,680,0.641,13-123_22,6.2,5,4,7,3,Large,Northern GBR,Princess Charlotte,Mid
16/01/2019,1311,1,High,Acropora,tenuis,13-123,2497,267,552,0.516,13-123_23,6.4,5,4,7,5,Large,Northern GBR,Princess Charlotte,Mid
16/01/2019,1311,2,High,Acropora,tenuis,13-123,2498,274,558,0.509,13-123_23,6.4,5,4,7,5,Large,Northern GBR,Princess Charlotte,Mid
16/01/2019,1313,1,High,Acropora,tenuis,13-123,2501,307,702,0.563,13-123_24,7.4,5,4,7,7,Large,Northern GBR,Princess Charlotte,Mid
16/01/2019,1313,2,High,Acropora,tenuis,13-123,2502,180,501,0.641,13-123_24,7.4,5,4,7,7,Large,Northern GBR,Princess Charlotte,Mid
16/01/2019,1349,1,High,Acropora,tenuis,13-123,2507,237,587,0.596,13-123_29,5.7,5,4,25,1,Large,Northern GBR,Princess Charlotte,Mid
16/01/2019,1349,2,High,Acropora,tenuis,13-123,2508,92,251,0.633,13-123_29,5.7,5,4,25,1,Large,Northern GBR,Princess Charlotte,Mid
16/01/2019,1351,1,High,Acropora,tenuis,13-123,2511,148,377,0.607,13-123_1,3.8,5,4,25,3,Large,Northern GBR,Princess Charlotte,Mid
16/01/2019,1351,2,High,Acropora,tenuis,13-123,2512,215,648,0.668,13-123_1,3.8,5,4,25,3,Large,Northern GBR,Princess Charlotte,Mid
16/01/2019,1353,1,High,Acropora,tenuis,13-123,2515,133,378,0.648,13-123_2,4.1,5,4,25,5,Large,Northern GBR,Princess Charlotte,Mid
16/01/2019,1353,2,High,Acropora,tenuis,13-123,2516,192,564,0.66,13-123_2,4.1,5,4,25,5,Large,Northern GBR,Princess Charlotte,Mid
18/01/2019,1552,1,High,Pocillopora,damicornis,13-123,1186,57,65,0.123,13-123_25,7.5,5,2,1,2,Small,Northern GBR,Princess Charlotte,Mid
18/01/2019,1552,2,High,Pocillopora,damicornis,13-123,1187,84,88,0.045,13-123_25,7.5,5,2,1,2,Small,Northern GBR,Princess Charlotte,Mid
18/01/2019,1554,1,High,Pocillopora,damicornis,13-123,1190,84,229,0.633,13-123_6,4.7,5,2,1,4,Small,Northern GBR,Princess Charlotte,Mid
18/01/2019,1554,2,High,Pocillopora,damicornis,13-123,1191,88,190,0.537,13-123_6,4.7,5,2,1,4,Small,Northern GBR,Princess Charlotte,Mid
18/01/2019,1556,1,High,Pocillopora,damicornis,13-123,1194,142,262,0.458,13-123_9,6.2,5,2,1,6,Small,Northern GBR,Princess Charlotte,Mid
18/01/2019,1556,2,High,Pocillopora,damicornis,13-123,1195,152,262,0.42,13-123_9,6.2,5,2,1,6,Small,Northern GBR,Princess Charlotte,Mid
18/01/2019,1558,1,High,Pocillopora,damicornis,13-123,1198,68,154,0.558,13-123_21,5.6,5,2,1,8,Small,Northern GBR,Princess Charlotte,Mid
18/01/2019,1558,2,High,Pocillopora,damicornis,13-123,1199,53,87,0.391,13-123_21,5.6,5,2,1,8,Small,Northern GBR,Princess Charlotte,Mid
18/01/2019,1586,1,High,Pocillopora,damicornis,13-123,1204,179,365,0.51,13-123_27,7.1,5,2,7,2,Small,Northern GBR,Princess Charlotte,Mid
18/01/2019,1586,2,High,Pocillopora,damicornis,13-123,1205,176,385,0.543,13-123_27,7.1,5,2,7,2,Small,Northern GBR,Princess Charlotte,Mid
18/01/2019,1588,1,High,Pocillopora,damicornis,13-123,1208,67,88,0.239,13-123_26,8.3,5,2,7,4,Small,Northern GBR,Princess Charlotte,Mid
18/01/2019,1588,2,High,Pocillopora,damicornis,13-123,1209,72,96,0.25,13-123_26,8.3,5,2,7,4,Small,Northern GBR,Princess Charlotte,Mid
18/01/2019,1590,1,High,Pocillopora,damicornis,13-123,1212,181,469,0.614,13-123_28,6.1,5,2,7,6,Small,Northern GBR,Princess Charlotte,Mid
18/01/2019,1590,2,High,Pocillopora,damicornis,13-123,1213,216,483,0.553,13-123_28,6.1,5,2,7,6,Small,Northern GBR,Princess Charlotte,Mid
18/01/2019,1592,1,High,Pocillopora,damicornis,13-123,1216,113,288,0.608,13-123_11,5.3,5,2,7,8,Small,Northern GBR,Princess Charlotte,Mid
18/01/2019,1592,2,High,Pocillopora,damicornis,13-123,1217,146,391,0.627,13-123_11,5.3,5,2,7,8,Small,Northern GBR,Princess Charlotte,Mid
18/01/2019,1594,1,High,Pocillopora,damicornis,13-123,1220,151,461,0.672,13-123_7,4.3,5,2,7,10,Small,Northern GBR,Princess Charlotte,Mid
18/01/2019,1594,2,High,Pocillopora,damicornis,13-123,1221,132,363,0.636,13-123_7,4.3,5,2,7,10,Small,Northern GBR,Princess Charlotte,Mid
18/01/2019,1642,1,High,Pocillopora,damicornis,13-123,1227,13,18,-,13-123_25,7.5,5,3,25,2,Small,Northern GBR,Princess Charlotte,Mid
18/01/2019,1642,2,High,Pocillopora,damicornis,13-123,1228,23,28,-,13-123_25,7.5,5,3,25,2,Small,Northern GBR,Princess Charlotte,Mid
18/01/2019,1644,1,High,Pocillopora,damicornis,13-123,1231,98,255,0.616,13-123_6,4.7,5,3,25,4,Small,Northern GBR,Princess Charlotte,Mid
18/01/2019,1644,2,High,Pocillopora,damicornis,13-123,1232,114,246,0.537,13-123_6,4.7,5,3,25,4,Small,Northern GBR,Princess Charlotte,Mid
18/01/2019,1646,1,High,Pocillopora,damicornis,13-123,1235,169,238,0.29,13-123_9,6.2,5,3,25,6,Small,Northern GBR,Princess Charlotte,Mid
18/01/2019,1646,2,High,Pocillopora,damicornis,13-123,1236,144,210,0.314,13-123_9,6.2,5,3,25,6,Small,Northern GBR,Princess Charlotte,Mid
18/01/2019,1648,1,High,Pocillopora,damicornis,13-123,1239,59,134,0.56,13-123_21,5.6,5,3,25,8,Small,Northern GBR,Princess Charlotte,Mid
18/01/2019,1648,2,High,Pocillopora,damicornis,13-123,1240,71,183,0.612,13-123_21,5.6,5,3,25,8,Small,Northern GBR,Princess Charlotte,Mid
18/01/2019,1604,1,High,Pocillopora,damicornis,13-123,1245,133,360,0.631,13-123_27,7.1,5,3,16,2,Small,Northern GBR,Princess Charlotte,Mid
18/01/2019,1604,2,High,Pocillopora,damicornis,13-123,1246,117,281,0.584,13-123_27,7.1,5,3,16,2,Small,Northern GBR,Princess Charlotte,Mid
18/01/2019,1606,1,High,Pocillopora,damicornis,13-123,1249,86,124,0.306,13-123_26,8.3,5,3,16,4,Small,Northern GBR,Princess Charlotte,Mid
18/01/2019,1606,2,High,Pocillopora,damicornis,13-123,1250,54,82,0.341,13-123_26,8.3,5,3,16,4,Small,Northern GBR,Princess Charlotte,Mid
18/01/2019,1608,1,High,Pocillopora,damicornis,13-123,1254,210,543,0.613,13-123_28,6.1,5,3,16,6,Small,Northern GBR,Princess Charlotte,Mid
18/01/2019,1608,2,High,Pocillopora,damicornis,13-123,1255,169,387,0.563,13-123_28,6.1,5,3,16,6,Small,Northern GBR,Princess Charlotte,Mid
18/01/2019,1610,1,High,Pocillopora,damicornis,13-123,1258,85,213,0.601,13-123_11,5.3,5,3,16,8,Small,Northern GBR,Princess Charlotte,Mid
18/01/2019,1610,2,High,Pocillopora,damicornis,13-123,1259,59,149,0.604,13-123_11,5.3,5,3,16,8,Small,Northern GBR,Princess Charlotte,Mid
18/01/2019,1612,1,High,Pocillopora,damicornis,13-123,1262,66,188,0.649,13-123_7,4.3,5,3,16,10,Small,Northern GBR,Princess Charlotte,Mid
18/01/2019,1612,2,High,Pocillopora,damicornis,13-123,1263,88,229,0.616,13-123_7,4.3,5,3,16,10,Small,Northern GBR,Princess Charlotte,Mid
18/01/2019,1568,1,High,Pocillopora,damicornis,13-123,1269,15,35,-,13-123_25,7.5,5,4,3,2,Small,Northern GBR,Princess Charlotte,Mid
18/01/2019,1568,2,High,Pocillopora,damicornis,13-123,1270,22,51,0.569,13-123_25,7.5,5,4,3,2,Small,Northern GBR,Princess Charlotte,Mid
18/01/2019,1570,1,High,Pocillopora,damicornis,13-123,1273,137,427,0.679,13-123_6,4.7,5,4,3,4,Small,Northern GBR,Princess Charlotte,Mid
18/01/2019,1570,2,High,Pocillopora,damicornis,13-123,1274,90,278,0.676,13-123_6,4.7,5,4,3,4,Small,Northern GBR,Princess Charlotte,Mid
18/01/2019,1572,1,High,Pocillopora,damicornis,13-123,1277,104,249,0.582,13-123_9,6.2,5,4,3,6,Small,Northern GBR,Princess Charlotte,Mid
18/01/2019,1572,2,High,Pocillopora,damicornis,13-123,1278,122,282,0.567,13-123_9,6.2,5,4,3,6,Small,Northern GBR,Princess Charlotte,Mid
18/01/2019,1574,1,High,Pocillopora,damicornis,13-123,1281,174,514,0.661,13-123_21,5.6,5,4,3,8,Small,Northern GBR,Princess Charlotte,Mid
18/01/2019,1574,2,High,Pocillopora,damicornis,13-123,1282,201,614,0.673,13-123_21,5.6,5,4,3,8,Small,Northern GBR,Princess Charlotte,Mid
18/01/2019,1650,1,High,Pocillopora,damicornis,13-123,1287,265,799,0.668,13-123_27,7.1,5,4,26,2,Small,Northern GBR,Princess Charlotte,Mid
18/01/2019,1650,2,High,Pocillopora,damicornis,13-123,1288,225,721,0.688,13-123_27,7.1,5,4,26,2,Small,Northern GBR,Princess Charlotte,Mid
18/01/2019,1652,1,High,Pocillopora,damicornis,13-123,1291,116,304,0.618,13-123_26,8.3,5,4,26,4,Small,Northern GBR,Princess Charlotte,Mid
18/01/2019,1652,2,High,Pocillopora,damicornis,13-123,1292,144,320,0.55,13-123_26,8.3,5,4,26,4,Small,Northern GBR,Princess Charlotte,Mid
18/01/2019,1654,1,High,Pocillopora,damicornis,13-123,1295,370,1017,0.636,13-123_28,6.1,5,4,26,6,Small,Northern GBR,Princess Charlotte,Mid
18/01/2019,1654,2,High,Pocillopora,damicornis,13-123,1296,258,604,0.573,13-123_28,6.1,5,4,26,6,Small,Northern GBR,Princess Charlotte,Mid
18/01/2019,1656,1,High,Pocillopora,damicornis,13-123,1299,217,677,0.679,13-123_11,5.3,5,4,26,8,Small,Northern GBR,Princess Charlotte,Mid
18/01/2019,1656,2,High,Pocillopora,damicornis,13-123,1300,217,616,0.648,13-123_11,5.3,5,4,26,8,Small,Northern GBR,Princess Charlotte,Mid
18/01/2019,1658,1,High,Pocillopora,damicornis,13-123,1303,198,589,0.664,13-123_7,4.3,5,4,26,10,Small,Northern GBR,Princess Charlotte,Mid
18/01/2019,1658,2,High,Pocillopora,damicornis,13-123,1304,150,435,0.655,13-123_7,4.3,5,4,26,10,Small,Northern GBR,Princess Charlotte,Mid
16/01/2019,1278,1,High,Acropora,tenuis,13-123,2439,185,504,0.633,13-123_3,4,4,2,1,8,Small,Northern GBR,Princess Charlotte,Mid
16/01/2019,1278,2,High,Acropora,tenuis,13-123,2440,173,418,0.586,13-123_3,4,4,2,1,8,Small,Northern GBR,Princess Charlotte,Mid
16/01/2019,1280,1,High,Acropora,tenuis,13-123,2443,205,598,0.657,13-123_4,5.6,4,2,1,10,Small,Northern GBR,Princess Charlotte,Mid
16/01/2019,1280,2,High,Acropora,tenuis,13-123,2444,224,677,0.669,13-123_4,5.6,4,2,1,10,Small,Northern GBR,Princess Charlotte,Mid
16/01/2019,1376,1,High,Acropora,tenuis,13-123,2480,118,329,0.641,13-123_3,4,4,3,97,8,Small,Northern GBR,Princess Charlotte,Mid
16/01/2019,1376,2,High,Acropora,tenuis,13-123,2481,88,231,0.619,13-123_3,4,4,3,97,8,Small,Northern GBR,Princess Charlotte,Mid
16/01/2019,1378,1,High,Acropora,tenuis,13-123,2484,128,352,0.636,13-123_4,5.6,4,3,97,10,Small,Northern GBR,Princess Charlotte,Mid
16/01/2019,1378,2,High,Acropora,tenuis,13-123,2485,118,347,0.66,13-123_4,5.6,4,3,97,10,Small,Northern GBR,Princess Charlotte,Mid
16/01/2019,1356,1,High,Acropora,tenuis,13-123,2521,163,478,0.659,13-123_3,4,4,4,25,8,Small,Northern GBR,Princess Charlotte,Mid
16/01/2019,1356,2,High,Acropora,tenuis,13-123,2522,168,487,0.655,13-123_3,4,4,4,25,8,Small,Northern GBR,Princess Charlotte,Mid
16/01/2019,1358,1,High,Acropora,tenuis,13-123,2525,267,847,0.685,13-123_4,5.6,4,4,25,10,Small,Northern GBR,Princess Charlotte,Mid
16/01/2019,1358,2,High,Acropora,tenuis,13-123,2526,268,845,0.683,13-123_4,5.6,4,4,25,10,Small,Northern GBR,Princess Charlotte,Mid
16/01/2019,1332,1,High,Acropora,tenuis,13-123,2385,111,279,0.602,13-123_5,4,5,2,19,2,Small,Northern GBR,Princess Charlotte,Mid
16/01/2019,1332,2,High,Acropora,tenuis,13-123,2386,92,243,0.621,13-123_5,4,5,2,19,2,Small,Northern GBR,Princess Charlotte,Mid
16/01/2019,1334,1,High,Acropora,tenuis,13-123,2389,187,392,0.523,13-123_22,6.2,5,2,19,4,Small,Northern GBR,Princess Charlotte,Mid
16/01/2019,1334,2,High,Acropora,tenuis,13-123,2390,97,226,0.571,13-123_22,6.2,5,2,19,4,Small,Northern GBR,Princess Charlotte,Mid
16/01/2019,1336,1,High,Acropora,tenuis,13-123,2393,143,362,0.605,13-123_23,6.4,5,2,19,6,Small,Northern GBR,Princess Charlotte,Mid
16/01/2019,1336,2,High,Acropora,tenuis,13-123,2394,117,265,0.558,13-123_23,6.4,5,2,19,6,Small,Northern GBR,Princess Charlotte,Mid
16/01/2019,1338,1,High,Acropora,tenuis,13-123,2397,251,632,0.603,13-123_24,7.4,5,2,19,8,Small,Northern GBR,Princess Charlotte,Mid
16/01/2019,1338,2,High,Acropora,tenuis,13-123,2398,275,702,0.608,13-123_24,7.4,5,2,19,8,Small,Northern GBR,Princess Charlotte,Mid
16/01/2019,1272,1,High,Acropora,tenuis,13-123,2427,136,295,0.539,13-123_29,5.7,5,2,1,2,Small,Northern GBR,Princess Charlotte,Mid
16/01/2019,1272,2,High,Acropora,tenuis,13-123,2428,118,295,0.6,13-123_29,5.7,5,2,1,2,Small,Northern GBR,Princess Charlotte,Mid
16/01/2019,1274,1,High,Acropora,tenuis,13-123,2431,74,160,0.538,13-123_1,3.8,5,2,1,4,Small,Northern GBR,Princess Charlotte,Mid
16/01/2019,1274,2,High,Acropora,tenuis,13-123,2432,120,277,0.567,13-123_1,3.8,5,2,1,4,Small,Northern GBR,Princess Charlotte,Mid
16/01/2019,1276,1,High,Acropora,tenuis,13-123,2435,115,279,0.588,13-123_2,4.1,5,2,1,6,Small,Northern GBR,Princess Charlotte,Mid
16/01/2019,1276,2,High,Acropora,tenuis,13-123,2436,155,395,0.608,13-123_2,4.1,5,2,1,6,Small,Northern GBR,Princess Charlotte,Mid
16/01/2019,1316,1,High,Acropora,tenuis,13-123,2450,54,135,0.6,13-123_5,4,5,3,11,2,Small,Northern GBR,Princess Charlotte,Mid
16/01/2019,1316,2,High,Acropora,tenuis,13-123,2451,41,105,0.61,13-123_5,4,5,3,11,2,Small,Northern GBR,Princess Charlotte,Mid
16/01/2019,1318,1,High,Acropora,tenuis,13-123,2454,134,338,0.604,13-123_22,6.2,5,3,11,4,Small,Northern GBR,Princess Charlotte,Mid
16/01/2019,1318,2,High,Acropora,tenuis,13-123,2455,133,288,0.538,13-123_22,6.2,5,3,11,4,Small,Northern GBR,Princess Charlotte,Mid
16/01/2019,1320,1,High,Acropora,tenuis,13-123,2458,171,393,0.565,13-123_23,6.4,5,3,11,6,Small,Northern GBR,Princess Charlotte,Mid
16/01/2019,1320,2,High,Acropora,tenuis,13-123,2459,150,349,0.57,13-123_23,6.4,5,3,11,6,Small,Northern GBR,Princess Charlotte,Mid
16/01/2019,1322,1,High,Acropora,tenuis,13-123,2462,220,418,0.474,13-123_24,7.4,5,3,11,8,Small,Northern GBR,Princess Charlotte,Mid
16/01/2019,1322,2,High,Acropora,tenuis,13-123,2463,231,641,0.64,13-123_24,7.4,5,3,11,8,Small,Northern GBR,Princess Charlotte,Mid
16/01/2019,1370,1,High,Acropora,tenuis,13-123,2468,92,250,0.632,13-123_29,5.7,5,3,97,2,Small,Northern GBR,Princess Charlotte,Mid
16/01/2019,1370,2,High,Acropora,tenuis,13-123,2469,134,347,0.614,13-123_29,5.7,5,3,97,2,Small,Northern GBR,Princess Charlotte,Mid
16/01/2019,1372,1,High,Acropora,tenuis,13-123,2472,78,198,0.606,13-123_1,3.8,5,3,97,4,Small,Northern GBR,Princess Charlotte,Mid
16/01/2019,1372,2,High,Acropora,tenuis,13-123,2473,70,197,0.645,13-123_1,3.8,5,3,97,4,Small,Northern GBR,Princess Charlotte,Mid
16/01/2019,1374,1,High,Acropora,tenuis,13-123,2476,114,266,0.571,13-123_2,4.1,5,3,97,6,Small,Northern GBR,Princess Charlotte,Mid
16/01/2019,1374,2,High,Acropora,tenuis,13-123,2477,125,302,0.586,13-123_2,4.1,5,3,97,6,Small,Northern GBR,Princess Charlotte,Mid
16/01/2019,1308,1,High,Acropora,tenuis,13-123,2491,104,304,0.658,13-123_5,4,5,4,7,2,Small,Northern GBR,Princess Charlotte,Mid
16/01/2019,1308,2,High,Acropora,tenuis,13-123,2492,121,389,0.689,13-123_5,4,5,4,7,2,Small,Northern GBR,Princess Charlotte,Mid
16/01/2019,1310,1,High,Acropora,tenuis,13-123,2495,266,671,0.604,13-123_22,6.2,5,4,7,4,Small,Northern GBR,Princess Charlotte,Mid
16/01/2019,1310,2,High,Acropora,tenuis,13-123,2496,260,713,0.635,13-123_22,6.2,5,4,7,4,Small,Northern GBR,Princess Charlotte,Mid
16/01/2019,1312,1,High,Acropora,tenuis,13-123,2499,159,390,0.592,13-123_23,6.4,5,4,7,6,Small,Northern GBR,Princess Charlotte,Mid
16/01/2019,1312,2,High,Acropora,tenuis,13-123,2500,249,578,0.569,13-123_23,6.4,5,4,7,6,Small,Northern GBR,Princess Charlotte,Mid
16/01/2019,1314,1,High,Acropora,tenuis,13-123,2503,337,810,0.584,13-123_24,7.4,5,4,7,8,Small,Northern GBR,Princess Charlotte,Mid
16/01/2019,1314,2,High,Acropora,tenuis,13-123,2504,248,634,0.609,13-123_24,7.4,5,4,7,8,Small,Northern GBR,Princess Charlotte,Mid
16/01/2019,1350,1,High,Acropora,tenuis,13-123,2509,179,499,0.641,13-123_29,5.7,5,4,25,2,Small,Northern GBR,Princess Charlotte,Mid
16/01/2019,1350,2,High,Acropora,tenuis,13-123,2510,214,602,0.645,13-123_29,5.7,5,4,25,2,Small,Northern GBR,Princess Charlotte,Mid
16/01/2019,1352,1,High,Acropora,tenuis,13-123,2513,138,410,0.663,13-123_1,3.8,5,4,25,4,Small,Northern GBR,Princess Charlotte,Mid
16/01/2019,1352,2,High,Acropora,tenuis,13-123,2514,117,311,0.624,13-123_1,3.8,5,4,25,4,Small,Northern GBR,Princess Charlotte,Mid
16/01/2019,1354,1,High,Acropora,tenuis,13-123,2517,160,450,0.644,13-123_2,4.1,5,4,25,6,Small,Northern GBR,Princess Charlotte,Mid
16/01/2019,1354,2,High,Acropora,tenuis,13-123,2518,104,241,0.568,13-123_2,4.1,5,4,25,6,Small,Northern GBR,Princess Charlotte,Mid
